{"schemaVersion":"1.0","appDefinitionTemplate":{"id":"/providers/Microsoft.PowerApps/apps/","type":"Microsoft.PowerApps/apps","tags":{"sp-site-id":"https://maafrikatikkun-my.sharepoint.com/personal/zakhelem_afrikatikkun_org","sp-list-id":"9c08fac0-d41b-4c3a-b4a1-47426b9427c8","https://maafrikatikkun-my.sharepoint.com/personal/zakhelem_afrikatikkun_org":"9c08fac0-d41b-4c3a-b4a1-47426b9427c8","primaryDeviceWidth":"640","primaryDeviceHeight":"1136","supportsPortrait":"true","supportsLandscape":"false","primaryFormFactor":"Phone","publisherVersion":"3.22111.19","minimumRequiredApiVersion":"2.2.0","hasComponent":"false","hasUnlockedComponent":"false","isUnifiedRootApp":"false","sienaVersion":"20221117T134802Z-3.22111.19.0"},"properties":{"appVersion":"2022-11-17T13:48:02Z","lifeCycleId":"Published","createdByClientVersion":{"major":3,"minor":22111,"build":19,"revision":0,"majorRevision":0,"minorRevision":0},"minClientVersion":{"major":3,"minor":22111,"build":19,"revision":0,"majorRevision":0,"minorRevision":0},"backgroundColor":"rgba(151, 0, 0, 1)","backgroundImageUri":"/5184358339295904160/N58a921fa-1167-4302-a8ea-4e6627305c5e-logoSmallFile","displayName":"App Vetting","description":"","commitMessage":"","appUris":{"documentUri":{"value":"/5184358339295904160/Ned7f2f64-418f-4695-b19e-0221ce91d23b-document.msapp"},"imageUris":[],"additionalUris":[]},"createdTime":"0001-01-01T00:00:00Z","lastModifiedTime":"0001-01-01T00:00:00Z","sharedGroupsCount":0,"sharedUsersCount":0,"icons":{"smallIconUri":"/5184358339295904160/N861828e8-ab8c-4398-9c04-fb4b1ce5152f-small.png","mediumIconUri":"/5184358339295904160/N1f75ec2a-5214-4708-b30d-0fae96addd96-medium.png","largeIconUri":"/5184358339295904160/Nf1aae96e-22a6-424a-9737-9ad049349692-large.png","wideIconUri":"/5184358339295904160/Ndf23f379-5144-4ada-9d6a-69ae91f34863-wide.png"},"connectionReferences":{"b8965f12-0403-486a-a3c0-9e7e502aa197":{"id":"01515b64-cae2-46f0-8009-527a48cb57a7","displayName":"SharePoint","iconUri":"https://connectoricons-prod.azureedge.net/releases/v1.0.1610-greyhound-localization-RelayFix/1.0.1610.3091/sharepointonline/icon.png","dataSources":["ATS_Host_Vetting_Form"],"dependencies":[],"dependents":[],"parameterHints":{},"parameterHintsV2":{},"isOnPremiseConnection":false,"bypassConsent":false,"dataSets":{"https://maafrikatikkun-my.sharepoint.com/personal/zakhelem_afrikatikkun_org":{"dataSources":{"ATS_Host_Vetting_Form":{"tableName":"9c08fac0-d41b-4c3a-b4a1-47426b9427c8"}}}},"apiTier":"Standard","isCustomApiConnection":false,"actions":["providers/PowerPlatform.Governance/Operations/Read","providers/PowerPlatform.Governance/Operations/Write","providers/PowerPlatform.Governance/Operations/Delete"]}},"databaseReferences":{},"almMode":"Environment","performanceOptimizationEnabled":true,"canConsumeAppPass":true,"enableModernRuntimeMode":false,"executionRestrictions":{"isTeamsOnly":false,"dataLossPreventionEvaluationResult":{"status":"Compliant","lastEvaluationDate":"2022-10-26T11:26:10.4127043Z","violations":[],"violationsByPolicy":[],"violationErrorMessage":"The app uses the following connectors: shared_sharepointonline."}}},"appType":"ClassicCanvasApp","appComponents":[]}}