{"schemaVersion":"1.0","appDefinitionTemplate":{"id":"/providers/Microsoft.PowerApps/apps/","type":"Microsoft.PowerApps/apps","tags":{"primaryDeviceWidth":"1366","primaryDeviceHeight":"768","supportsPortrait":"true","supportsLandscape":"true","primaryFormFactor":"Tablet","publisherVersion":"3.22114.18","minimumRequiredApiVersion":"2.2.0","hasComponent":"true","hasUnlockedComponent":"true","isUnifiedRootApp":"false","sienaVersion":"20221212T113029Z-3.22114.18.0"},"properties":{"appVersion":"2022-12-12T11:30:29Z","lifeCycleId":"Published","createdByClientVersion":{"major":3,"minor":22114,"build":18,"revision":0,"majorRevision":0,"minorRevision":0},"minClientVersion":{"major":3,"minor":22114,"build":18,"revision":0,"majorRevision":0,"minorRevision":0},"backgroundColor":"RGBA(0,176,240,1)","backgroundImageUri":"/18087579480959976626/N02b5c089-62a5-4e28-8337-f49da0fea49f-logoSmallFile","displayName":"MapDashBoard","description":"","commitMessage":"","appUris":{"documentUri":{"value":"/18087579480959976626/Nf56c4ba1-e599-41ad-8a35-80040d6fbd11-document.msapp"},"imageUris":[],"additionalUris":[]},"createdTime":"0001-01-01T00:00:00Z","lastModifiedTime":"0001-01-01T00:00:00Z","sharedGroupsCount":0,"sharedUsersCount":0,"icons":{"smallIconUri":"/18087579480959976626/N808441a6-eb79-43d2-b0c9-b55074b5231d-small.png","mediumIconUri":"/18087579480959976626/Nafe540b1-d61d-4bbf-b43c-57962a08a419-medium.png","largeIconUri":"/18087579480959976626/Ne18f6fa0-31fa-4a1e-abf7-4db0c75dc7eb-large.png","wideIconUri":"/18087579480959976626/Nf22b00cd-6cb6-4248-a429-39521fb5523c-wide.png"},"connectionReferences":{"3014ccb2-4aed-4cdf-9399-c37758bfc17f":{"id":"01515b64-cae2-46f0-8009-527a48cb57a7","displayName":"SharePoint","iconUri":"https://connectoricons-prod.azureedge.net/releases/v1.0.1610-greyhound-localization-RelayFix/1.0.1610.3091/sharepointonline/icon.png","dataSources":["ATS_Host_Vetting_Form"],"dependencies":[],"dependents":[],"parameterHints":{},"parameterHintsV2":{},"isOnPremiseConnection":false,"bypassConsent":false,"dataSets":{"https://maafrikatikkun-my.sharepoint.com/personal/zakhelem_afrikatikkun_org":{"dataSources":{"ATS_Host_Vetting_Form":{"tableName":"9c08fac0-d41b-4c3a-b4a1-47426b9427c8"}}}},"apiTier":"Standard","isCustomApiConnection":false,"actions":["providers/PowerPlatform.Governance/Operations/Read"]},"6345ada3-dc1c-4ab1-b7fa-8936cf47fe24":{"id":"01515b64-cae2-46f0-8009-527a48cb57a7","displayName":"SharePoint","iconUri":"https://connectoricons-prod.azureedge.net/releases/v1.0.1610-greyhound-localization-RelayFix/1.0.1610.3091/sharepointonline/icon.png","dataSources":["Photos"],"dependencies":[],"dependents":[],"parameterHints":{},"parameterHintsV2":{},"isOnPremiseConnection":false,"bypassConsent":false,"dataSets":{"https://maafrikatikkun-my.sharepoint.com/personal/zakhelem_afrikatikkun_org":{"dataSources":{"Photos":{"tableName":"25b5fa08-35e7-41ed-9e18-95d9e53c4cea"}}}},"apiTier":"Standard","isCustomApiConnection":false,"actions":["providers/PowerPlatform.Governance/Operations/Read"]},"72bdd6ef-0539-4450-ad1b-88212271f3ba":{"id":"623a3a21-540b-496b-bc61-df68325e40ae","displayName":"Spatial Services","iconUri":"https://connectoricons-prod.azureedge.net/releases/v1.0.1601/1.0.1601.3047/microsoftspatialservices/icon.png","dataSources":["SpatialServices"],"dependencies":[],"dependents":[],"parameterHints":{},"parameterHintsV2":{},"isOnPremiseConnection":false,"bypassConsent":false,"dataSets":{},"apiTier":"Premium","isCustomApiConnection":false}},"databaseReferences":{},"almMode":"Environment","performanceOptimizationEnabled":true,"canConsumeAppPass":true,"enableModernRuntimeMode":false,"executionRestrictions":{"isTeamsOnly":false,"dataLossPreventionEvaluationResult":{"status":"Compliant","lastEvaluationDate":"2022-10-11T12:01:47.7042617Z","violations":[],"violationsByPolicy":[],"violationErrorMessage":"The app uses the following connectors: shared_microsoftspatialservices, shared_commondataservice."}}},"appType":"ClassicCanvasApp","appComponents":[]}}